"","AAPL","ABBV","ABT","ACN","ADBE","ADI","ADP","AMAT","AMD","AMGN","AMT","AMZN","ANET","AVGO","AXP","BA","BAC","BLK","BSX","BX","C","CAT","CB","CI","CMCSA","COP","COST","CRM","CSCO","CVX","DE","DHR","DIS","ELV","ETN","GE","GILD","GOOG","GS","HD","HON","IBM","INTC","INTU","ISRG","JNJ","JPM","KLAC","KO","LIN","LLY","LMT","LOW","LRCX","MA","MCD","MDT","META","MMC","MRK","MS","MSFT","MU","NEE","NFLX","NKE","NOW","NVDA","ORCL","PANW","PEP","PFE","PG","PGR","PLD","PM","QCOM","REGN","RTX","SBUX","SCHW","SNPS","SPGI","SYK","T","TJX","TMO","TMUS","TSLA","TXN","UBER","UNH","UNP","UPS","V","VRTX","VZ","WFC","WMT","XOM"
"1",0,0,0,0,0,0,0,0,0,0,0,0,0,0,1,1,1,1,1,1,1,1,1,1,1,1,1,1,1,1,1,1,2,2,2,2,3,4,4,4,4,4,4,4,4,4,4,4,4,4,4,4,4,4,4,4,4,4,4,4,4,4,4,4,4,5,5,5,6,7,7,7,7,7,7,7,8,8,8,9,9,9,10,10,10,10,10,10,10,10,10,10,10,10,10,10,10,10,10,11
"2",1,2,3,3,3,3,3,4,4,5,5,5,6,6,7,7,7,7,7,8,9,10,11,12,13,13,13,13,13,13,13,13,14,14,14,14,15,16,16,16,16,17,18,18,18,18,18,18,19,19,19,19,19,19,19,19,19,19,20,20,21,22,23,24,24,25,25,25,26,26,26,26,27,28,29,30,31,31,31,32,32,32,33,33,34,34,34,34,34,34,35,35,35,35,35,35,36,37,38,39
"3",0,0,1,1,1,1,1,1,1,1,1,1,1,1,2,2,2,2,2,2,2,2,2,2,2,2,2,2,2,2,2,2,2,2,2,2,3,4,4,4,4,4,4,4,4,4,4,4,4,4,4,4,4,4,4,4,4,4,4,4,4,4,4,4,4,5,5,5,6,7,7,7,7,7,7,7,7,7,7,8,8,8,9,9,10,10,10,10,10,10,10,10,10,10,10,10,10,10,10,10
"4",0,0,1,1,1,1,1,1,1,1,1,1,1,1,2,2,2,2,2,2,2,2,2,2,2,2,2,2,2,2,2,2,2,2,2,2,3,4,4,4,4,4,4,4,4,4,4,4,4,4,4,4,4,4,4,4,4,4,4,4,4,4,4,4,4,5,5,5,6,6,6,6,6,6,6,7,7,7,7,8,8,8,9,9,9,9,9,9,9,9,10,10,10,10,10,10,10,10,10,10
"5",0,0,1,1,1,1,1,1,1,1,1,1,1,1,2,3,3,3,3,3,3,3,3,3,3,3,3,3,3,3,3,3,3,3,3,3,4,4,4,4,4,4,4,4,4,4,4,4,4,4,4,4,4,4,4,4,4,4,4,4,4,4,4,4,4,5,5,5,6,7,7,7,7,7,7,8,8,8,8,9,9,9,10,10,10,10,10,10,10,10,11,11,11,11,11,11,11,11,11,11
"6",0,0,1,1,1,1,1,1,1,1,1,1,1,1,2,3,3,3,3,3,3,3,3,3,3,3,3,3,3,3,3,3,4,4,4,4,5,6,6,6,6,6,6,6,6,6,6,6,6,6,6,6,6,6,6,6,6,6,6,6,6,6,6,7,7,8,8,8,9,9,9,9,9,9,9,10,10,10,10,11,11,11,12,12,12,12,12,12,13,13,14,14,14,14,14,14,14,14,14,14
"7",0,0,0,0,0,0,0,1,1,1,1,1,1,1,2,3,3,3,3,3,3,3,3,3,3,3,3,3,3,3,3,3,4,4,4,4,5,5,5,5,5,5,5,5,5,5,5,5,5,5,5,5,5,5,5,5,5,5,5,5,5,5,5,5,5,6,6,6,7,7,7,7,7,7,7,7,7,7,7,8,8,8,9,9,9,9,9,9,10,10,10,10,10,10,10,10,10,10,10,11
"8",0,0,1,1,1,1,1,2,2,2,2,2,2,2,3,4,4,4,4,4,4,4,4,4,4,4,4,4,4,4,4,4,4,4,4,4,5,5,5,5,5,5,5,5,5,5,5,5,6,6,6,6,6,6,6,6,6,6,6,6,6,6,6,6,6,7,7,7,7,7,7,7,7,7,7,7,7,7,7,8,8,8,9,9,10,10,10,10,11,11,11,11,11,11,11,11,11,11,11,11
"9",0,0,1,1,1,2,2,3,3,3,3,3,3,3,4,5,5,5,5,5,5,5,5,5,6,6,6,6,6,6,6,6,7,7,7,7,8,8,8,8,8,8,8,8,8,8,8,8,9,9,9,9,9,9,9,9,9,9,9,9,9,9,9,10,10,11,11,11,11,11,11,11,11,11,11,11,11,11,11,12,12,12,12,12,12,12,12,12,13,13,13,13,13,13,13,13,13,14,14,14
"10",0,0,1,1,1,1,1,2,2,2,2,2,2,2,3,4,5,5,5,5,5,5,5,5,6,6,6,6,6,6,6,6,6,6,6,6,7,7,7,7,8,8,8,8,8,8,8,8,8,8,8,8,9,9,9,9,9,9,9,9,10,10,10,11,11,12,12,12,12,12,12,12,12,12,13,13,14,14,14,15,16,16,16,16,17,17,17,17,18,18,18,18,18,19,19,19,19,20,20,21
"11",0,0,1,1,1,2,2,3,3,3,3,3,3,4,5,6,7,7,7,7,7,8,8,8,9,9,9,9,9,10,10,10,11,11,11,11,12,13,13,13,14,14,14,14,14,14,14,14,14,14,14,14,15,15,15,15,15,15,15,15,16,16,16,17,17,18,18,18,18,18,18,18,18,18,19,20,21,21,21,22,23,23,23,23,24,24,24,24,25,25,25,25,25,26,26,26,26,27,27,28
"12",0,0,0,0,0,1,1,2,2,2,2,2,2,2,3,4,5,5,5,5,5,6,6,6,7,7,7,7,7,7,8,8,8,8,8,8,9,9,9,9,10,10,10,10,10,10,10,10,10,10,10,10,11,11,11,11,11,11,11,11,12,12,12,13,13,14,14,14,14,14,14,14,14,14,15,16,16,16,16,17,18,18,18,18,19,19,19,19,20,20,20,20,20,21,21,21,21,22,22,23
"13",0,0,0,0,0,0,0,0,0,0,0,0,0,0,1,2,3,3,3,4,4,4,4,4,5,5,5,5,5,6,6,6,6,6,6,6,7,7,7,7,7,7,7,7,7,7,7,7,7,7,7,7,7,7,7,7,7,7,7,7,8,8,8,9,9,10,10,10,10,10,10,10,10,10,10,10,10,10,10,10,11,11,11,11,11,11,11,11,12,12,12,12,12,12,12,12,12,13,13,14
"14",0,0,0,0,0,0,0,0,0,0,0,0,0,0,1,2,3,3,3,3,3,3,3,3,4,4,4,4,4,5,5,5,5,5,5,5,6,6,6,6,7,7,7,7,7,7,7,7,7,7,7,7,7,7,7,7,7,7,7,7,8,8,8,9,9,10,10,10,10,10,10,10,10,10,11,12,12,12,12,13,14,14,14,14,14,14,14,14,15,15,15,15,15,15,15,15,15,16,16,17
"15",0,0,0,0,0,0,0,0,0,0,0,0,0,0,1,2,2,2,2,2,2,2,2,2,2,2,2,2,2,3,3,3,3,3,3,3,4,4,4,4,4,4,4,4,4,4,4,4,4,4,4,4,5,5,5,5,5,5,5,5,6,6,6,7,7,8,8,8,8,8,8,8,8,8,9,10,10,10,10,11,12,12,12,12,12,12,12,12,13,13,13,13,13,13,13,13,13,13,13,14
"16",0,0,0,0,0,0,0,0,0,0,0,0,0,0,1,2,2,2,2,2,2,2,2,2,3,3,3,3,3,3,3,3,3,3,3,3,4,4,4,4,5,5,5,5,5,5,5,5,6,6,6,6,7,7,7,7,7,7,7,7,8,8,8,9,9,10,10,10,10,10,10,10,10,10,11,12,12,12,12,13,14,14,14,14,14,14,14,14,15,15,15,15,15,15,15,15,15,15,15,16
"17",0,0,0,0,0,0,0,0,0,0,0,0,0,0,1,2,2,2,2,3,3,3,3,3,3,3,3,3,3,3,3,3,3,3,3,3,3,3,3,3,4,4,5,5,5,5,5,5,6,6,6,6,7,7,7,7,7,7,7,7,8,8,8,9,9,10,10,10,10,10,10,11,11,11,12,13,13,13,13,14,15,15,15,15,15,15,15,15,16,16,16,16,16,16,16,16,16,16,16,16
"18",0,0,0,0,0,1,1,1,1,1,1,1,1,1,2,3,3,3,3,4,4,4,4,4,4,4,4,4,4,4,4,4,4,4,4,4,5,5,5,5,6,6,7,7,7,7,7,7,7,7,7,7,8,8,8,8,8,8,8,8,9,9,9,10,10,11,11,11,11,11,11,12,12,12,13,14,14,14,14,15,16,16,16,16,16,16,16,16,17,17,17,17,17,17,17,17,17,17,17,17
"19",0,0,0,0,0,0,0,0,0,0,0,0,0,0,1,2,2,2,2,3,3,3,3,3,3,3,3,3,3,3,3,3,3,3,3,3,4,4,4,4,5,5,6,6,6,6,6,6,6,6,6,6,7,7,7,7,7,7,7,7,8,8,8,9,9,10,10,10,10,10,10,11,11,11,12,13,13,13,13,14,15,15,15,15,15,15,15,15,16,16,16,16,16,16,16,16,16,16,16,16
"20",0,0,0,0,0,0,0,0,0,0,0,0,0,0,1,2,2,2,2,3,3,3,3,3,3,3,3,3,3,3,3,3,3,3,3,3,4,4,4,4,4,4,5,5,5,5,5,5,5,5,5,5,6,6,6,6,6,6,6,6,7,7,7,8,8,9,9,9,9,9,9,10,10,10,11,12,12,12,12,12,13,13,13,13,13,13,13,13,14,14,14,14,14,15,15,15,15,15,15,15
"21",0,0,0,0,0,1,1,1,1,1,1,1,1,1,2,3,3,3,3,4,4,4,4,4,4,4,4,4,5,5,5,5,5,5,5,5,6,6,6,6,7,7,8,8,8,8,8,8,9,9,9,9,10,10,10,10,10,10,10,10,11,11,11,12,12,13,13,13,13,13,13,14,14,14,15,16,16,16,16,17,18,18,18,18,18,18,18,18,19,19,19,19,19,20,20,20,20,20,20,20
"22",0,0,0,0,0,0,0,0,0,0,0,0,0,0,1,2,2,2,2,3,3,3,3,3,3,3,3,3,4,4,4,4,4,4,4,4,5,5,5,5,6,6,7,7,7,7,7,7,7,7,7,7,7,7,7,7,7,7,7,7,8,8,8,9,9,10,10,10,10,10,10,11,11,11,12,13,13,13,13,13,14,14,14,14,14,14,14,14,15,15,15,15,15,16,16,16,16,17,17,17
"23",0,0,0,0,0,0,0,0,0,0,0,0,0,0,1,2,2,2,2,2,2,2,2,2,2,2,2,2,3,3,3,3,3,3,3,3,4,4,4,4,5,5,6,6,6,7,7,7,8,8,8,8,8,8,8,8,8,8,8,8,9,9,9,10,10,11,11,11,11,11,11,12,12,12,12,13,13,13,13,13,14,14,14,14,14,15,15,15,16,16,16,16,16,17,17,17,17,17,17,18
"24",0,0,0,0,0,0,0,0,0,0,0,0,0,0,1,2,3,3,3,3,3,3,3,3,3,3,3,3,4,4,4,4,4,4,4,4,5,5,5,5,6,6,7,7,7,8,8,8,9,9,9,9,9,9,9,9,9,9,9,9,10,10,10,11,11,12,12,12,12,12,12,13,13,13,14,15,15,15,15,15,16,16,16,16,16,16,16,16,17,17,17,17,17,18,18,18,18,19,19,20
"25",0,0,0,0,0,0,0,0,0,0,0,0,0,0,1,2,3,3,3,3,3,3,3,3,3,3,3,3,4,4,4,4,4,4,4,4,5,5,5,5,6,6,7,7,7,7,7,7,8,8,8,9,9,9,9,9,9,9,9,9,10,10,10,11,11,11,11,11,11,11,11,12,12,12,12,13,13,13,13,13,14,14,14,14,14,14,14,14,15,15,15,15,15,16,16,16,16,17,17,18
"26",0,0,0,0,0,0,0,0,0,1,1,1,1,1,2,3,4,4,4,4,4,4,4,4,5,5,5,5,6,6,6,6,6,6,6,6,7,7,7,7,8,8,9,9,9,10,10,10,11,11,11,11,11,11,11,11,11,11,11,11,12,12,12,13,13,13,13,13,13,13,13,14,14,14,15,16,16,16,16,16,17,17,17,17,17,18,18,18,19,19,19,19,19,20,20,20,20,21,21,21
"27",0,0,1,1,1,1,1,1,1,2,2,2,2,2,3,4,4,4,4,4,4,4,4,4,5,5,5,5,5,5,5,5,5,5,5,5,6,6,6,6,7,7,8,8,8,9,9,9,10,10,10,11,11,11,11,11,11,11,11,11,12,12,12,13,13,13,13,13,13,13,13,14,14,14,14,15,15,15,15,15,16,16,16,16,17,18,18,18,19,19,19,19,19,20,20,20,20,21,21,21
"28",0,0,1,1,1,1,1,1,1,2,2,2,2,2,2,3,3,3,3,3,3,3,3,3,4,4,4,4,5,5,6,6,6,6,6,6,7,7,7,7,8,8,9,9,9,10,10,10,11,11,11,12,12,12,12,12,13,13,13,13,14,14,14,15,15,15,15,15,15,15,15,16,16,16,16,17,17,17,17,17,18,18,18,18,19,20,20,20,21,21,21,21,21,22,22,22,22,23,23,23
"29",0,0,1,1,1,1,1,1,1,2,2,2,2,2,2,3,3,3,3,3,3,3,3,3,4,4,4,4,5,5,5,5,5,5,5,5,6,6,6,6,6,6,7,7,7,8,8,8,9,9,9,9,9,9,9,9,10,10,10,10,11,11,11,12,12,12,12,12,12,12,12,13,13,13,13,14,14,14,14,14,14,14,15,15,15,15,15,15,16,16,16,16,16,17,17,17,17,17,17,17
"30",0,0,1,1,1,1,1,1,1,2,2,2,2,2,2,3,3,3,3,3,3,3,3,3,4,4,4,4,5,5,5,5,5,5,5,5,6,6,6,6,7,7,8,8,8,9,9,9,10,10,10,10,10,10,10,10,11,11,11,11,12,12,12,13,13,13,13,13,13,13,13,14,14,14,14,15,15,15,15,15,16,16,17,17,17,17,17,17,18,18,18,18,18,19,19,19,19,19,19,19
"31",0,0,1,1,1,1,1,1,1,2,2,2,2,2,2,3,3,3,3,3,3,3,3,3,4,4,4,4,4,4,4,4,4,4,4,4,5,5,5,5,6,6,7,7,7,8,8,8,9,9,9,9,9,9,9,9,10,10,10,10,11,11,11,12,12,12,12,12,12,12,12,13,13,13,13,14,14,14,14,14,15,15,16,16,16,16,16,16,17,17,17,17,17,18,18,18,18,18,18,18
"32",0,0,0,0,0,0,0,0,0,1,1,1,1,1,1,1,1,1,1,1,1,1,1,1,2,2,2,2,3,3,4,4,4,4,4,4,5,5,5,5,5,5,6,6,6,6,6,6,7,7,7,7,7,7,7,7,8,8,8,8,8,8,9,10,10,10,10,10,10,10,10,11,11,11,11,12,12,12,12,12,12,12,13,13,13,13,13,13,14,14,14,14,14,15,15,15,15,15,15,15
"33",0,0,0,0,0,0,0,0,0,1,1,1,1,1,1,1,1,1,1,1,1,1,1,1,2,2,2,2,3,3,4,4,4,4,4,4,5,6,6,6,6,6,7,7,7,8,8,8,9,9,9,9,9,9,9,9,9,9,9,9,9,9,10,11,11,11,11,11,11,11,11,11,11,11,11,12,12,12,12,12,12,12,13,13,13,14,14,15,16,16,16,16,16,17,17,17,17,17,17,17
"34",0,0,0,0,0,1,1,1,1,2,2,2,2,2,2,3,3,3,3,3,3,3,3,3,4,4,4,4,5,5,6,6,6,6,6,6,7,8,8,8,8,8,9,9,9,10,10,10,10,10,10,10,10,10,10,10,10,10,10,10,10,10,11,12,12,12,12,12,13,13,13,14,14,14,14,15,15,15,15,15,15,15,16,16,16,16,16,16,17,17,17,17,17,18,18,18,18,18,18,18
"35",0,0,0,0,0,0,0,0,0,1,1,1,2,2,2,3,3,3,3,3,3,3,3,3,4,4,4,4,5,5,6,6,6,6,6,6,7,8,8,8,8,8,9,9,9,10,10,10,10,10,10,10,10,10,10,10,10,10,10,10,10,10,11,11,11,11,11,12,13,14,14,15,15,15,15,16,16,16,16,16,16,16,16,16,16,16,16,16,17,17,17,17,17,18,18,18,18,18,18,18
"36",0,0,0,0,0,1,1,1,1,2,2,2,2,2,2,3,3,3,3,3,3,3,3,3,4,4,4,4,5,5,6,6,6,6,6,6,7,8,8,8,8,8,9,9,9,9,9,9,9,9,9,9,9,9,9,9,9,9,9,9,9,9,9,10,10,10,10,10,11,12,12,13,13,13,13,14,14,14,14,14,14,14,14,14,15,16,16,16,17,17,17,17,17,18,18,18,19,19,19,19
"37",0,0,0,0,0,1,1,1,1,2,2,2,2,2,2,3,3,3,3,3,3,3,3,3,4,4,4,4,5,5,6,6,6,6,6,6,7,8,8,8,8,8,9,9,9,9,9,9,9,9,9,9,9,9,9,9,9,9,9,9,9,9,10,11,11,11,11,11,12,13,13,13,13,13,13,13,13,13,13,13,13,13,13,13,13,14,14,14,15,15,15,15,15,16,16,16,17,17,17,17
"38",0,0,0,0,0,1,1,1,1,2,2,2,2,2,3,4,4,4,4,4,4,4,4,4,5,5,5,5,6,6,7,7,7,7,7,7,8,9,9,9,9,9,10,10,10,10,10,10,10,10,10,10,10,10,10,10,11,11,11,11,12,12,12,13,13,13,13,13,14,14,14,14,14,14,14,15,15,15,15,15,15,15,15,15,16,16,16,16,16,16,16,16,16,17,17,17,18,18,18,18
"39",0,0,0,0,0,1,1,1,1,2,2,2,2,2,3,3,3,3,3,3,3,3,3,3,4,4,4,4,5,5,6,6,6,6,6,6,7,8,8,8,8,8,9,9,9,9,9,9,9,9,9,9,9,9,9,9,10,10,10,10,11,11,11,12,12,12,12,12,13,13,13,14,14,14,14,15,15,15,15,15,15,15,15,15,16,17,17,17,17,17,17,17,17,18,18,18,19,19,19,19
"40",0,0,0,0,0,1,1,1,1,2,2,2,2,2,3,3,3,3,3,3,3,3,3,3,4,4,4,4,5,5,6,6,6,6,6,6,7,8,8,8,9,9,10,10,10,10,10,10,10,10,10,10,10,10,10,10,11,11,11,11,11,11,11,12,12,12,12,12,13,13,13,13,13,13,13,14,14,14,14,14,14,14,14,14,15,16,16,16,16,16,16,16,16,17,17,17,18,18,18,18
"41",0,0,0,0,0,0,0,0,0,1,1,1,1,1,2,2,2,2,2,2,3,3,3,3,4,4,4,4,5,5,6,6,6,6,6,6,7,8,8,8,9,9,9,9,9,9,9,9,10,10,10,10,10,10,10,10,11,11,11,11,11,11,11,12,12,13,13,13,14,14,14,14,14,14,14,15,15,15,15,15,15,15,15,15,16,16,16,16,16,16,16,16,16,16,16,16,17,17,17,18
"42",0,0,0,0,0,0,0,0,0,1,1,1,1,1,2,3,3,3,3,3,3,3,3,3,4,4,4,4,5,5,6,6,6,6,6,6,7,8,8,8,8,8,8,8,8,8,8,8,9,9,9,9,9,9,9,9,10,10,10,10,10,10,10,11,11,11,11,11,11,11,11,11,11,11,11,12,12,12,12,12,12,12,12,12,13,13,13,13,13,13,13,13,13,13,13,13,14,14,14,14
"43",0,0,0,0,0,0,0,0,0,1,1,1,1,1,2,3,3,3,3,3,3,3,3,3,4,4,4,4,5,5,6,6,6,6,6,6,7,7,7,7,7,7,7,7,7,7,7,7,8,8,8,8,8,8,8,8,9,9,9,10,10,10,10,11,11,12,12,12,12,12,12,13,13,13,13,14,14,14,15,15,15,15,15,15,16,16,16,16,16,16,16,16,16,16,16,16,17,17,17,17
"44",0,0,0,0,0,0,0,0,0,0,0,0,0,0,0,0,0,0,0,0,0,0,0,0,1,1,1,1,2,2,2,2,2,2,2,2,3,3,3,3,3,3,3,3,3,3,3,3,4,4,4,4,4,4,4,4,4,4,4,4,4,4,4,5,5,6,6,6,7,7,7,7,7,7,7,8,8,8,8,8,8,8,8,8,9,9,9,9,9,9,9,9,9,9,9,9,10,10,10,10
"45",0,0,0,0,0,0,0,0,0,1,1,1,1,1,2,3,3,3,3,3,3,3,3,3,4,4,4,4,5,5,6,6,6,6,6,6,7,7,7,7,7,7,7,7,7,7,7,7,8,8,8,8,8,8,8,8,8,8,8,9,9,9,9,10,10,11,11,11,12,13,13,13,13,13,13,14,14,14,15,15,15,15,15,15,16,16,16,16,17,17,17,17,17,17,17,17,18,18,18,18
"46",0,0,0,0,0,0,1,1,1,2,2,2,2,2,3,4,4,4,4,4,4,4,4,4,5,5,5,5,6,6,7,7,7,7,7,7,8,8,8,8,8,8,8,8,8,8,8,8,9,9,9,9,9,9,9,9,10,10,10,11,11,11,11,11,11,12,12,12,12,13,13,14,14,14,14,15,15,15,15,16,16,16,16,16,17,18,18,18,19,19,19,19,19,19,19,19,20,20,20,20
"47",0,0,0,0,0,0,1,1,1,2,2,2,2,2,3,4,4,4,4,4,4,4,4,4,5,5,5,5,6,6,7,7,7,7,7,7,7,7,7,7,7,7,7,7,7,7,7,7,8,8,8,8,8,8,8,8,9,9,9,10,10,10,10,10,10,11,11,11,12,13,13,13,13,13,13,13,13,13,13,14,14,14,14,14,15,16,16,16,17,17,17,17,17,17,17,17,18,18,18,18
"48",0,0,0,0,0,0,1,1,1,2,2,2,3,3,4,5,5,5,5,6,6,6,6,6,6,6,6,6,6,6,6,6,6,6,6,6,6,7,7,7,7,7,7,7,8,8,8,8,8,8,8,8,8,8,8,8,8,8,8,9,9,9,9,9,9,10,10,10,11,12,12,12,12,12,12,13,13,13,13,14,14,14,15,15,15,16,16,16,17,17,17,17,17,17,17,17,17,17,17,17
"49",0,0,0,0,0,0,1,1,1,2,2,2,2,2,3,4,4,4,4,5,5,5,5,5,5,5,5,5,5,5,6,6,6,6,6,6,6,7,7,7,7,7,7,7,7,7,7,7,7,7,7,7,7,7,7,7,7,7,7,8,8,8,8,8,8,9,9,9,9,10,10,10,10,10,10,11,11,11,11,12,12,12,13,13,13,13,13,13,14,14,14,14,14,14,14,14,14,14,14,14
"50",0,0,0,0,0,0,1,1,1,2,2,2,2,2,3,4,4,4,4,5,5,5,5,5,5,5,5,5,5,5,6,6,6,6,6,6,6,7,7,7,7,7,8,8,8,8,8,8,8,8,8,8,8,8,8,8,8,8,8,9,9,9,9,9,9,10,10,10,10,11,11,11,11,11,11,12,12,12,12,13,13,13,14,14,14,14,14,14,15,15,15,15,15,15,15,15,15,15,15,15
"51",0,0,0,0,0,0,1,1,1,2,2,2,2,2,3,4,4,4,4,4,4,4,4,4,4,4,4,4,4,4,4,4,4,4,4,4,4,4,4,4,4,4,5,5,5,5,5,5,5,5,5,5,5,5,5,5,5,5,5,6,6,6,6,6,6,7,7,7,7,8,8,8,8,8,8,9,9,9,9,10,10,10,11,11,11,11,11,11,12,12,12,12,12,12,12,12,13,13,13,13
"52",0,0,0,0,0,0,1,1,1,2,2,2,2,2,3,4,4,4,4,5,5,5,5,5,5,5,5,5,6,6,6,6,6,6,6,6,6,7,7,7,7,7,8,8,8,8,8,8,9,9,9,9,9,9,9,9,9,9,9,10,10,10,10,10,10,11,11,11,11,12,12,12,12,12,12,13,13,13,13,14,14,14,15,15,15,15,15,15,16,16,17,17,17,17,17,17,18,18,18,18
"53",0,0,1,1,1,1,2,2,2,3,3,3,3,3,4,5,5,5,5,6,6,6,6,6,6,6,6,6,6,6,6,6,6,6,6,6,6,6,6,6,6,6,7,7,7,7,7,7,7,7,7,7,7,7,7,7,7,7,7,7,7,7,7,7,7,8,8,8,8,9,9,9,9,9,10,11,11,11,11,12,12,12,13,13,13,14,14,14,15,15,16,16,16,16,16,16,17,17,17,17
"54",0,0,1,1,1,1,2,2,2,3,3,3,3,3,4,5,5,5,5,6,6,6,6,6,6,6,6,6,6,6,6,6,6,6,6,6,6,6,6,6,6,6,7,7,7,7,7,7,7,7,7,7,7,7,7,7,7,7,7,8,8,8,8,8,8,9,9,9,9,10,10,10,10,10,11,12,12,12,12,12,12,12,13,13,13,13,13,13,14,14,14,14,14,14,14,14,15,15,15,15
"55",0,0,1,1,1,1,2,2,2,3,3,3,3,3,4,5,5,5,5,5,5,5,5,5,5,5,5,5,5,5,5,5,5,5,5,5,5,5,5,5,5,5,6,6,6,6,6,6,6,6,6,6,6,6,6,6,6,6,6,7,7,7,7,7,7,8,8,8,8,9,9,9,9,9,10,11,11,11,11,11,11,11,12,12,12,12,12,12,13,13,13,13,13,13,13,13,14,14,14,14
"56",0,0,1,2,2,2,2,2,2,3,3,3,3,3,4,5,5,5,5,5,5,5,5,5,5,5,5,5,5,5,5,5,5,5,5,5,5,5,5,5,5,5,6,6,6,6,6,6,7,7,7,7,7,7,7,7,8,8,8,9,9,9,9,9,9,10,10,10,10,11,11,11,11,11,12,12,12,12,12,12,12,12,13,13,13,13,13,13,14,14,14,14,14,14,14,14,14,14,14,14
"57",0,0,1,2,2,2,3,3,3,4,4,4,4,4,5,6,6,6,6,6,6,6,6,6,6,6,6,6,6,6,6,6,6,6,6,6,7,7,7,7,7,7,8,8,8,9,9,9,10,10,10,10,10,10,10,10,11,11,11,12,12,12,12,12,12,13,13,13,13,13,13,13,13,13,14,14,14,14,14,15,15,15,16,16,16,16,16,17,18,18,18,18,18,18,18,18,19,19,19,19
"58",0,0,1,2,2,2,3,3,3,4,4,4,4,4,5,6,6,6,6,6,6,6,6,6,6,6,6,6,6,6,6,7,7,7,7,7,8,8,8,8,8,8,9,9,9,10,10,10,11,11,11,11,11,11,11,11,12,12,12,13,13,13,13,14,14,15,15,15,15,15,15,15,15,15,16,17,17,17,17,18,18,18,18,18,18,19,19,19,20,20,20,20,20,20,21,21,21,21,21,21
"59",0,0,1,2,2,2,3,3,3,4,4,4,4,4,5,6,6,6,6,6,6,6,6,6,6,6,6,6,6,6,6,7,7,7,7,7,8,8,8,8,8,8,9,9,9,10,10,10,11,11,11,11,11,11,11,11,12,12,12,13,13,13,13,13,13,14,14,14,14,14,14,14,14,14,15,16,16,16,16,17,17,17,17,17,17,17,17,17,18,18,18,18,18,19,20,20,20,20,20,20
"60",0,0,1,2,2,2,3,3,3,3,3,3,3,3,4,5,5,5,5,5,5,5,5,5,5,5,5,5,5,5,5,5,5,5,5,5,5,5,5,5,5,5,5,5,5,5,5,5,6,6,6,6,6,6,6,6,6,6,6,6,6,6,6,6,6,7,7,7,7,7,7,7,7,7,8,8,8,8,8,9,9,9,10,10,10,10,10,10,11,11,11,11,11,11,12,12,12,12,12,12
"61",0,0,1,2,2,2,2,2,2,2,2,2,2,2,3,4,4,4,4,4,4,4,4,4,4,4,4,4,4,4,4,5,5,5,5,5,5,5,5,5,5,5,5,5,5,5,5,5,5,5,5,5,5,5,5,5,5,5,5,5,5,5,5,5,5,6,6,6,6,6,6,6,6,6,6,6,6,6,6,7,7,7,8,8,8,8,8,8,9,9,10,10,10,10,11,11,11,11,11,11
"62",0,0,1,2,2,2,2,3,3,3,3,3,3,3,4,5,5,5,5,5,5,5,5,5,6,6,6,7,7,7,7,8,8,8,8,8,8,8,8,8,8,8,8,8,8,9,9,9,9,9,9,9,9,9,9,9,9,9,9,9,9,9,9,9,9,10,10,10,10,10,10,10,10,10,11,11,11,11,11,11,11,11,12,12,12,12,12,12,13,13,14,14,14,14,15,15,15,15,15,15
"63",0,0,1,2,2,2,2,3,3,3,3,3,3,3,4,5,5,5,5,5,5,5,5,5,6,6,6,7,7,7,7,8,8,8,8,9,10,10,10,10,10,10,10,10,10,11,11,11,12,12,12,12,12,12,12,12,12,12,12,12,12,12,12,12,12,13,13,13,13,13,13,13,13,13,14,14,14,14,14,15,15,15,16,16,16,16,16,16,17,17,18,18,18,18,19,19,19,19,19,19
"64",0,0,1,2,2,2,2,3,3,3,3,3,3,3,4,5,5,5,5,5,5,5,5,5,6,6,6,7,8,8,8,9,9,9,9,10,11,11,11,11,11,11,12,12,12,13,13,13,14,14,14,14,14,14,14,14,14,14,14,14,14,14,14,14,14,15,15,15,15,16,16,16,16,16,17,17,17,17,17,18,18,18,19,19,19,20,20,20,21,21,22,22,22,22,23,23,23,23,23,23
"65",0,1,2,3,3,3,3,4,4,5,5,5,5,5,6,7,7,7,7,7,7,7,7,7,8,8,8,8,9,9,9,10,10,10,10,11,12,12,12,12,12,13,14,14,15,16,16,16,17,17,17,17,17,17,17,17,17,17,17,17,17,17,17,17,17,18,18,18,18,19,19,19,19,19,20,21,21,21,21,22,22,22,23,23,23,24,24,25,26,26,27,27,27,27,28,28,28,28,28,28
"66",0,1,2,3,3,3,3,4,4,5,5,5,5,5,6,7,7,7,7,7,7,7,7,7,8,8,8,8,9,9,9,10,10,10,10,10,11,11,11,11,11,12,13,13,13,14,14,14,15,15,15,15,15,15,15,15,15,15,15,15,15,15,15,15,15,16,16,16,16,17,17,17,17,17,18,19,19,19,19,20,20,20,20,20,20,20,20,21,22,22,22,22,22,22,23,23,23,23,23,23
"67",0,1,2,3,3,3,3,3,3,3,3,3,3,3,4,5,5,5,5,5,5,5,5,5,6,6,6,6,7,7,7,8,8,8,8,9,10,10,10,10,10,11,12,12,12,13,13,13,14,14,14,14,14,14,14,14,15,15,15,15,15,15,15,16,16,17,17,17,17,18,18,19,19,19,20,21,21,21,21,22,22,22,22,23,23,23,23,23,23,23,24,24,24,25,26,26,26,26,26,26
"68",0,1,2,3,3,3,3,3,3,3,3,3,3,3,4,5,5,5,5,5,5,5,5,5,6,6,6,6,6,6,6,6,6,6,6,7,8,8,8,8,8,9,10,10,10,11,11,11,12,12,12,12,12,12,12,12,12,12,12,12,12,12,12,13,13,14,14,15,15,15,15,15,15,15,16,17,17,17,17,18,18,18,18,18,19,19,19,19,19,19,20,20,20,21,22,22,22,22,22,22
"69",0,1,2,3,3,3,3,3,3,4,4,4,4,4,5,6,6,6,6,6,6,6,7,7,8,8,8,9,10,10,10,11,11,11,11,12,13,13,13,13,14,15,16,16,16,17,17,17,18,18,18,18,18,18,18,18,19,19,19,19,19,19,19,20,20,21,21,21,21,21,21,22,22,22,23,24,24,24,24,25,25,25,26,27,28,29,29,30,31,31,32,32,32,33,34,34,34,34,34,34
"70",0,1,2,3,3,3,3,3,3,4,4,4,4,4,5,6,6,6,6,6,6,6,7,7,8,8,8,9,10,10,10,11,11,11,11,12,13,13,13,13,13,14,15,15,15,16,16,16,17,17,17,17,17,17,17,17,18,18,18,18,18,18,18,19,19,20,20,20,21,21,21,22,22,22,23,24,24,24,24,25,25,25,26,27,28,29,29,29,29,29,30,30,30,31,32,32,32,32,33,33
"71",0,1,2,3,3,4,4,4,5,6,6,6,7,7,8,9,9,9,9,10,10,10,11,11,12,12,12,13,14,14,14,15,15,15,15,16,17,17,17,17,17,18,19,19,19,20,21,21,22,22,22,22,22,22,22,22,23,23,23,23,24,24,24,24,24,25,25,26,27,27,27,28,28,28,29,30,30,30,30,31,31,31,32,33,34,35,35,36,36,36,37,37,37,38,39,39,40,41,41,41
"72",0,1,2,3,3,4,4,4,5,5,5,5,6,6,7,8,8,8,8,9,9,9,10,10,11,11,11,12,13,13,13,14,14,14,14,15,16,16,16,16,16,17,18,18,19,20,21,21,22,22,22,22,22,22,22,22,23,23,23,23,23,23,23,23,23,24,24,25,26,26,26,27,27,27,28,29,29,29,29,30,30,30,31,32,33,34,34,34,34,34,35,35,35,36,37,37,37,37,37,37
"73",0,0,1,1,1,1,1,1,1,1,1,1,1,1,2,2,2,2,2,2,2,2,2,2,3,3,3,3,4,4,4,4,4,4,4,4,4,4,4,4,4,4,4,4,4,4,4,4,5,5,5,5,5,5,5,5,5,5,5,5,5,5,5,5,5,5,5,5,5,5,5,5,5,5,5,6,6,6,6,6,6,6,7,7,8,9,9,9,9,9,9,9,9,10,11,11,11,11,11,11
"74",0,0,1,1,1,1,1,1,1,1,1,1,1,1,2,2,2,2,2,2,2,2,2,2,3,3,3,3,4,4,4,4,4,4,4,4,4,4,4,4,4,4,4,4,4,4,4,4,5,5,5,5,5,5,5,5,5,5,5,5,5,5,5,5,5,5,5,5,5,5,5,5,5,5,6,7,7,7,7,7,7,7,8,8,9,10,10,10,10,10,10,10,10,11,12,12,12,12,12,12
"75",0,0,1,1,1,1,1,2,2,2,2,2,2,2,3,3,3,3,3,3,3,3,3,3,4,4,4,4,5,5,5,5,5,5,5,5,5,5,5,5,5,5,5,5,5,5,5,5,6,6,6,6,6,6,6,6,6,6,6,6,6,6,6,6,6,6,6,6,6,6,6,6,6,6,7,8,8,8,8,8,8,8,9,9,10,11,11,11,11,11,11,11,11,12,13,13,13,13,13,13
"76",0,0,1,1,1,1,1,2,2,2,2,2,2,2,3,3,3,3,3,3,3,3,3,3,4,4,4,4,5,5,5,5,6,6,6,6,6,6,6,6,6,6,6,6,6,6,6,6,7,7,7,7,7,7,7,7,7,7,7,7,7,7,7,7,7,7,7,8,8,8,8,8,8,8,9,9,9,9,9,9,9,9,10,10,11,12,12,12,12,12,12,12,12,13,13,13,13,13,13,13
"77",0,0,1,1,1,1,1,2,2,2,2,2,2,2,3,3,3,3,3,3,3,3,3,3,4,4,4,4,5,5,5,5,6,6,6,6,6,6,6,6,6,6,6,6,6,6,6,6,6,6,6,6,6,6,6,6,6,6,6,6,6,6,6,6,6,6,6,7,7,7,7,7,7,7,8,8,8,8,8,8,8,8,9,9,10,11,11,11,12,12,12,12,12,12,13,13,13,13,13,13
"78",0,0,1,1,1,1,1,2,2,2,2,2,2,2,2,2,2,2,2,2,2,2,2,2,3,3,3,3,4,4,4,4,4,4,4,4,4,4,4,4,4,4,4,4,4,4,4,4,4,4,4,4,4,4,4,4,4,4,4,4,4,4,4,4,4,4,4,5,5,5,5,5,5,5,6,6,6,6,6,6,6,6,7,7,8,9,9,9,9,9,9,9,9,9,10,10,10,10,10,10
"79",0,0,1,1,1,1,1,2,2,2,2,2,2,2,2,2,2,2,2,2,2,2,2,2,3,3,3,3,4,4,4,4,5,5,5,5,5,5,5,5,5,5,5,5,5,5,5,5,5,5,5,5,5,5,5,5,5,5,5,5,5,5,6,6,6,6,6,7,7,7,7,7,7,7,8,8,8,8,8,8,8,8,9,9,9,10,10,10,10,10,10,10,10,10,11,11,12,12,12,12
"80",0,0,1,1,1,1,1,2,2,2,2,2,2,2,2,2,2,2,2,2,2,2,2,2,2,2,2,2,3,3,3,3,4,4,4,4,4,4,4,4,4,4,4,4,4,4,4,4,4,4,4,4,4,4,4,4,4,4,4,4,4,4,5,5,5,5,5,5,5,5,5,6,6,6,7,7,7,7,7,7,7,7,8,8,9,10,10,10,10,10,10,10,10,10,10,10,10,10,10,10
"81",0,0,1,1,1,1,1,2,2,2,2,2,2,2,3,3,3,3,3,3,3,3,3,3,3,3,3,3,4,4,4,4,5,5,5,5,5,5,5,5,5,5,5,5,5,5,5,5,5,5,5,5,5,5,5,5,5,5,5,5,5,5,5,5,5,5,5,5,5,5,5,6,6,6,7,7,7,7,7,7,7,7,8,8,9,10,10,10,10,10,10,10,10,10,10,10,11,11,11,11
"82",0,0,1,1,1,1,1,1,1,1,1,1,1,1,1,1,1,1,1,1,1,1,1,1,1,1,1,1,2,2,2,2,3,3,3,3,3,3,3,3,3,3,3,3,3,3,3,3,3,3,3,3,3,3,3,3,3,3,3,3,3,3,4,4,4,4,4,4,4,4,4,5,5,5,6,6,6,6,6,6,6,6,7,7,8,8,8,8,8,8,8,8,8,8,9,9,10,10,10,10
"83",0,0,1,1,1,1,1,2,2,2,2,2,2,2,3,3,3,3,3,3,3,3,3,3,3,3,3,3,4,4,4,4,5,5,5,5,5,5,5,5,5,5,5,5,5,5,5,5,5,5,5,5,5,5,5,5,5,5,5,5,5,5,6,6,6,6,6,6,7,7,7,8,8,8,9,9,9,9,9,9,9,9,10,10,11,11,11,11,11,11,11,11,11,11,12,12,13,13,13,13
"84",0,0,1,1,1,1,1,2,2,2,2,2,2,2,3,3,3,3,3,3,3,3,3,3,3,3,3,3,4,4,4,4,5,5,5,5,5,5,5,5,5,5,5,5,5,5,5,5,5,5,5,5,5,5,5,5,5,5,5,5,5,5,6,6,6,6,6,6,7,7,7,7,7,7,8,8,8,8,8,8,8,8,9,9,10,11,11,11,11,11,11,11,11,11,12,12,12,12,12,12
"85",0,0,1,1,1,1,1,2,2,2,2,2,2,2,3,3,3,3,3,3,3,3,3,3,3,3,3,3,4,4,4,4,5,5,5,5,5,5,5,5,5,5,5,5,5,5,5,5,5,5,5,5,5,5,5,5,5,5,5,5,5,5,6,6,6,6,6,6,6,6,6,6,6,6,7,7,7,7,7,7,7,7,8,8,9,10,10,10,10,10,10,10,10,10,11,11,11,11,11,11
"86",0,0,1,1,1,1,1,2,2,2,2,2,2,2,3,3,3,3,3,3,3,3,3,3,3,3,3,3,4,4,4,4,5,5,5,5,6,6,6,6,6,6,6,6,6,6,6,6,7,7,7,7,7,7,7,7,7,7,7,7,7,7,8,8,8,8,8,8,8,8,8,8,8,8,9,9,9,9,9,9,9,9,9,9,10,10,10,10,10,10,10,10,10,10,10,10,10,10,10,10
"87",0,1,2,3,3,3,4,5,6,6,6,7,8,8,9,10,11,11,11,12,13,14,15,16,17,18,18,19,20,20,20,21,22,22,23,23,24,24,24,24,25,26,27,27,27,28,29,29,30,31,31,31,31,31,31,31,32,32,32,32,33,33,34,34,34,34,34,34,35,35,35,35,35,36,37,37,37,37,38,39,39,39,40,41,42,42,42,43,43,43,44,44,44,45,46,46,47,47,48,49
"88",0,0,1,1,1,1,1,2,2,2,2,2,2,2,3,3,3,3,3,3,3,3,3,3,3,3,3,3,4,4,4,4,5,5,5,5,6,6,6,6,6,6,6,6,6,6,6,6,7,7,7,7,7,7,7,7,7,7,7,7,7,7,7,7,7,7,7,7,7,7,7,7,7,7,8,8,8,8,9,9,9,9,9,9,10,10,10,10,10,10,10,10,10,10,10,10,10,10,10,10
"89",0,0,1,1,1,1,1,2,2,2,2,2,2,2,3,3,3,3,3,4,4,4,4,4,4,4,4,4,5,5,5,5,6,6,6,6,7,7,7,7,7,7,7,7,7,7,7,7,7,7,7,7,7,7,7,7,7,7,7,7,7,7,7,7,7,7,7,7,7,7,7,7,7,7,8,8,8,8,9,9,9,9,9,9,10,11,11,11,11,11,11,11,11,11,11,11,11,11,11,11
"90",0,0,1,1,1,1,1,2,2,2,2,2,2,2,3,3,3,3,3,3,3,3,3,3,3,3,3,3,4,4,4,4,5,5,5,5,6,6,6,6,6,6,6,6,6,6,6,6,7,7,7,7,7,7,7,7,7,7,7,7,7,7,7,7,7,7,7,7,7,7,7,7,7,7,8,8,8,8,9,9,9,9,9,9,10,11,11,11,11,11,11,11,11,11,11,11,12,12,12,12
"91",0,0,1,1,1,1,1,2,2,2,2,2,2,2,2,2,2,2,2,2,2,2,2,2,2,3,3,3,4,4,4,4,5,5,5,5,6,6,6,6,6,6,6,6,6,6,6,6,6,6,6,6,6,6,6,6,6,6,6,6,6,6,6,6,6,6,6,6,6,6,6,6,6,6,7,7,7,7,8,8,8,8,8,8,9,10,10,10,10,10,10,10,10,10,11,11,12,12,12,12
"92",0,0,1,1,1,1,1,2,2,2,2,2,2,2,3,3,3,3,3,3,3,3,3,3,3,4,4,4,5,5,5,5,6,6,6,6,6,6,6,6,6,6,6,6,6,6,6,6,6,6,6,6,6,6,6,6,6,6,6,6,6,6,6,6,6,6,6,6,6,6,6,6,6,6,7,7,7,7,8,8,8,8,8,8,8,9,9,9,9,9,9,9,9,9,9,9,10,10,10,10
"93",0,0,1,1,1,1,1,2,2,2,2,2,2,2,3,3,3,3,3,3,3,3,3,3,3,4,4,4,5,5,5,5,6,6,6,6,6,6,6,6,6,6,6,6,6,6,6,6,6,6,6,6,6,6,6,6,6,6,6,6,6,6,6,6,6,6,6,6,6,6,6,6,6,6,7,7,7,7,8,8,8,8,8,8,8,9,9,9,9,9,9,9,9,9,9,9,10,10,10,10
"94",0,1,2,3,3,3,4,5,5,5,5,6,6,6,7,8,8,8,8,8,8,9,10,11,12,13,13,14,15,15,15,15,16,16,16,16,17,17,17,17,18,19,20,20,20,21,21,21,21,21,21,21,21,21,21,21,22,22,22,23,23,24,25,25,25,26,26,26,27,27,27,27,27,28,29,30,30,30,31,32,32,32,32,33,34,35,35,36,36,36,37,37,37,38,39,39,40,40,41,42
"95",0,0,1,1,1,1,1,2,2,2,2,2,2,2,3,3,3,3,3,3,3,3,3,3,3,4,4,4,5,5,5,5,6,6,6,6,6,6,6,6,6,6,6,6,6,6,6,6,6,6,6,6,6,6,6,6,6,6,6,6,6,6,6,6,6,6,6,6,6,6,6,6,6,6,7,7,7,7,8,8,8,8,8,8,8,8,8,8,8,8,8,8,8,8,9,9,10,10,10,10
"96",0,1,2,3,3,3,4,5,5,5,5,6,6,6,7,7,7,7,7,7,7,8,8,9,10,10,10,11,12,12,12,12,13,13,13,14,15,15,15,15,15,16,17,17,17,17,17,17,18,18,18,18,18,18,18,18,18,18,18,19,19,19,19,19,19,20,20,20,21,21,21,21,21,22,23,23,23,23,24,25,25,25,25,26,26,26,26,27,27,27,28,28,28,29,30,30,31,31,31,32
"97",0,1,2,3,3,3,4,4,4,4,4,5,5,5,6,6,7,7,7,7,7,8,9,10,11,12,12,12,13,13,13,13,14,14,14,14,15,15,15,15,16,17,18,18,18,19,20,20,21,21,21,21,21,21,21,21,21,21,21,22,22,22,22,23,23,24,24,24,24,24,24,24,24,25,25,26,26,26,27,28,28,28,28,29,30,31,31,32,32,32,33,33,33,34,35,35,36,37,37,38
"98",0,1,2,3,3,3,4,4,4,4,4,5,5,5,6,6,6,6,6,6,6,7,7,8,9,10,10,11,12,12,12,12,13,13,13,13,14,14,14,14,15,16,17,17,17,18,18,18,19,19,19,19,19,19,19,19,19,19,20,21,21,21,21,21,21,22,22,22,22,22,22,22,22,23,24,25,25,25,26,27,27,27,27,28,29,30,30,31,31,31,32,32,32,33,34,34,35,36,36,37
"99",0,0,1,1,1,1,1,1,1,1,1,1,1,1,2,2,2,2,2,2,2,2,2,2,2,3,3,3,4,4,4,4,5,5,5,5,5,5,5,5,5,5,5,5,5,5,5,5,6,6,6,6,6,6,6,6,6,6,6,6,6,6,6,6,6,6,6,6,6,6,6,6,6,6,7,7,7,7,8,8,8,8,8,8,8,8,8,8,8,8,8,8,8,9,9,9,10,10,10,10
"100",0,0,1,1,1,1,1,1,1,1,1,1,1,1,2,2,2,2,2,2,2,2,2,2,2,3,3,3,4,4,4,4,5,5,5,5,5,5,5,5,5,5,5,5,5,5,5,5,6,6,6,6,6,6,6,6,6,6,6,6,7,7,7,7,7,7,7,7,7,7,7,7,7,7,8,8,8,8,9,9,9,9,9,9,9,9,9,9,9,9,9,9,9,10,10,10,10,10,10,11
"101",0,0,1,1,1,1,1,1,1,1,1,1,1,1,2,2,2,2,2,2,2,2,2,2,2,3,3,3,4,4,4,4,5,5,5,5,5,5,5,5,5,5,5,5,5,5,5,5,6,6,6,6,6,6,6,6,6,6,6,6,7,7,7,7,7,7,7,7,7,7,7,7,7,7,8,9,9,9,10,10,10,10,10,10,11,11,11,11,11,11,11,11,11,12,12,12,12,12,12,13
"102",0,0,1,1,1,1,1,1,1,1,1,1,1,1,2,2,2,2,2,2,2,2,2,2,2,3,3,3,4,4,4,4,5,5,5,5,5,5,5,5,5,5,5,5,5,5,5,5,6,6,6,6,6,6,6,6,6,6,6,6,6,6,6,6,6,6,6,6,6,6,6,6,6,6,7,8,8,8,9,9,9,9,9,9,10,11,11,11,11,11,11,11,11,11,11,11,11,11,11,12
"103",0,0,1,1,1,1,1,1,1,1,1,1,1,1,2,2,2,2,2,2,2,2,2,2,2,3,3,3,4,4,4,4,5,5,5,5,6,6,6,6,6,6,6,6,6,6,6,6,7,7,7,7,7,7,7,7,7,7,7,7,7,7,7,7,7,7,7,7,7,7,7,7,7,7,8,9,9,9,10,10,10,10,10,10,11,11,11,11,11,11,11,11,12,12,12,12,12,12,12,13
"104",0,0,1,1,1,1,1,1,1,1,1,1,1,1,2,2,2,2,2,2,2,2,2,2,2,3,3,3,4,4,4,4,5,5,5,5,5,5,5,5,5,5,5,5,5,5,5,5,6,6,6,6,6,6,6,6,6,6,6,6,6,6,6,6,6,6,6,6,6,6,6,6,6,6,7,8,8,8,9,9,9,9,9,9,10,10,10,10,10,10,10,10,10,10,10,10,11,11,11,12
"105",0,1,2,3,3,3,4,4,4,4,4,5,5,5,6,7,7,7,8,9,10,11,11,12,13,14,14,15,16,16,17,18,19,19,19,20,20,20,20,20,21,22,23,23,23,24,25,25,26,26,26,26,26,26,26,26,27,27,27,27,27,27,27,28,28,29,29,29,30,30,30,31,31,32,32,33,33,33,34,34,35,35,35,36,36,36,36,36,37,37,38,38,38,39,40,40,41,42,42,43
"106",0,0,1,1,1,1,1,2,2,2,2,2,2,2,3,3,3,3,3,3,3,3,3,3,3,4,4,4,5,5,5,5,6,6,6,6,6,6,6,6,6,6,6,6,6,6,6,6,7,7,7,7,7,7,7,7,7,7,7,7,7,7,7,7,7,7,7,7,7,7,7,7,7,7,8,8,8,8,8,8,8,8,8,8,8,8,8,8,8,8,8,8,8,8,8,8,9,9,9,10
"107",0,1,2,3,3,3,4,5,5,6,6,7,7,7,8,9,9,9,10,10,11,12,12,13,14,15,15,16,17,17,18,18,19,19,20,21,22,22,22,22,22,23,24,24,24,25,26,26,27,28,28,28,29,29,29,29,30,30,30,30,31,32,32,32,32,33,33,33,34,34,34,34,34,35,36,37,37,37,38,38,39,39,39,40,40,41,41,41,42,42,43,43,43,44,45,45,46,47,47,48
"108",0,1,2,3,3,3,4,5,5,6,6,7,7,7,8,8,8,8,9,9,10,11,12,13,14,15,15,16,17,17,18,18,19,19,20,21,22,22,22,22,22,23,24,24,24,25,26,26,27,28,28,28,28,28,28,28,29,29,29,29,30,30,30,30,30,31,31,31,32,32,32,33,33,34,35,36,36,36,37,37,38,38,38,38,38,38,38,38,39,39,40,40,40,41,42,42,43,44,44,45
"109",0,0,1,1,1,1,1,1,1,1,1,1,1,1,2,2,2,2,2,2,2,2,2,2,2,3,3,3,4,4,4,4,5,5,5,5,5,5,5,5,5,5,5,5,5,5,5,5,6,6,6,6,6,6,6,6,6,6,6,6,6,6,6,6,6,6,6,6,6,6,6,6,6,6,7,7,7,7,8,8,8,8,8,8,8,8,8,8,8,8,8,8,8,8,8,8,9,9,9,10
"110",0,0,1,1,1,1,1,1,1,1,1,1,1,1,2,2,2,2,2,2,2,2,2,2,2,3,3,3,4,4,4,4,5,5,5,5,5,5,5,5,5,5,5,5,5,5,5,5,6,6,6,6,6,6,6,6,6,6,6,6,6,6,6,7,7,7,7,7,7,7,7,7,7,7,8,9,9,9,10,10,10,10,10,10,10,10,10,10,10,10,10,10,11,11,11,11,12,12,12,13
"111",0,0,1,1,1,1,1,1,1,1,1,1,1,1,2,2,2,2,2,2,2,2,2,2,2,3,3,3,4,4,4,4,5,5,5,5,5,5,5,5,5,5,5,5,5,5,5,5,6,6,6,6,6,6,6,6,6,6,6,6,6,6,6,7,7,7,7,7,7,7,7,7,7,7,8,9,9,9,10,10,10,10,10,10,11,11,11,11,11,11,11,11,12,12,12,12,13,13,13,14
"112",0,0,1,1,1,1,1,1,1,1,1,1,1,1,2,2,2,2,2,2,2,2,2,2,2,3,3,3,4,4,4,4,5,5,5,5,5,5,5,5,5,5,5,5,5,5,5,5,6,6,6,6,6,6,6,6,6,6,6,6,6,6,6,6,6,6,6,6,6,6,6,6,6,6,7,8,8,8,9,9,9,9,9,9,10,10,10,10,10,10,10,10,11,11,11,11,12,12,12,13
"113",0,0,1,1,1,1,1,1,1,1,1,1,1,1,2,2,2,2,2,2,2,2,2,2,2,3,3,3,4,4,4,4,5,5,5,5,6,6,6,6,6,6,6,6,6,6,6,6,7,7,7,7,7,7,7,7,7,7,7,7,7,7,7,8,8,8,8,8,8,8,8,8,8,8,9,10,10,10,11,11,11,11,11,11,12,12,12,12,12,12,12,12,13,13,14,14,14,14,14,15
"114",0,0,1,1,1,1,1,1,1,1,1,1,1,1,2,2,2,2,2,2,2,2,2,2,2,3,3,3,4,4,4,4,5,5,5,5,6,6,6,6,6,6,6,6,6,6,6,6,7,7,7,7,7,7,7,7,7,7,7,7,7,7,7,8,8,8,8,8,8,8,8,8,8,8,9,9,9,9,10,10,10,10,10,10,11,11,11,11,11,11,11,11,12,12,12,12,12,12,12,13
"115",0,0,1,1,1,1,1,1,1,1,1,1,1,1,2,2,2,2,2,3,3,3,3,3,3,4,4,4,5,5,5,5,6,6,6,6,7,7,7,7,7,7,7,7,7,7,7,7,8,8,8,8,8,8,8,8,8,8,8,8,8,8,8,9,9,9,9,9,9,9,9,9,9,9,10,10,10,10,11,11,11,11,11,11,12,12,12,12,12,12,12,12,13,13,14,14,14,14,14,15
"116",0,0,1,1,1,1,1,1,1,1,1,1,1,1,2,2,2,2,2,2,2,2,2,2,2,3,3,3,4,4,4,4,5,5,5,5,6,6,6,6,6,6,6,6,6,6,6,6,7,7,7,7,7,7,7,7,7,7,7,7,7,7,7,8,8,8,8,8,8,8,8,8,8,8,9,9,9,9,10,10,10,10,10,10,11,11,11,11,11,11,11,11,12,12,13,13,13,13,13,14
"117",0,0,1,1,1,1,1,1,1,1,1,1,1,1,2,2,2,2,2,2,2,2,2,2,2,3,3,3,4,4,4,4,5,5,5,5,6,6,6,6,6,6,6,6,6,6,6,6,7,7,7,7,7,7,7,7,7,7,7,7,7,7,7,8,8,8,8,8,8,8,8,8,8,8,9,10,10,10,11,11,11,11,11,11,12,12,12,12,12,12,12,12,13,13,14,14,14,14,14,15
"118",0,0,0,0,0,0,0,0,0,0,0,0,0,0,1,1,1,1,1,1,1,1,1,1,1,2,2,2,3,3,3,3,4,4,4,4,5,5,5,5,5,5,5,5,5,5,5,5,6,6,6,6,6,6,6,6,6,6,6,6,6,6,6,7,7,7,7,7,7,7,7,7,7,7,8,9,9,9,10,10,10,10,10,10,10,10,10,10,10,10,10,10,10,11,12,12,12,12,12,13
"119",0,0,1,2,2,2,3,3,3,4,4,4,4,4,5,6,7,7,7,7,8,9,10,11,12,13,13,14,15,15,16,17,18,18,19,19,19,19,19,19,19,20,21,21,21,22,23,23,24,24,24,24,24,24,24,24,25,25,25,25,26,26,26,27,27,27,27,27,27,27,28,29,29,30,31,32,32,32,33,34,35,35,35,35,35,36,36,36,37,37,37,37,37,38,39,39,40,41,41,42
"120",0,0,1,1,1,1,1,1,1,1,1,1,1,1,2,2,2,2,2,2,2,3,3,3,3,3,3,4,4,4,4,4,4,4,5,6,6,6,6,6,6,6,6,6,6,6,6,6,7,7,7,7,7,7,7,7,7,7,7,7,7,7,7,8,8,9,9,9,9,9,9,9,9,9,10,11,12,12,13,13,13,13,13,13,13,13,13,13,13,13,13,13,13,13,13,13,13,13,13,13
"121",0,0,1,1,1,1,1,1,1,1,1,1,1,1,2,2,2,2,2,2,2,3,3,3,3,3,3,4,4,4,4,4,4,4,5,6,6,6,6,6,6,6,6,6,6,6,6,6,7,7,7,7,7,7,7,7,7,7,7,7,7,7,7,8,8,9,9,9,9,9,9,9,9,9,10,11,11,11,12,12,12,12,12,12,12,12,12,12,12,12,12,12,12,12,12,12,12,13,13,13
"122",0,0,1,1,1,1,2,2,2,2,2,2,2,2,3,3,3,3,3,3,3,4,4,4,4,4,4,5,5,5,5,5,5,5,6,7,7,7,7,7,7,7,7,7,7,7,7,7,7,7,7,7,7,7,7,7,7,7,7,7,7,7,7,8,8,9,9,9,9,9,9,10,10,10,11,12,13,13,14,14,14,14,14,14,14,14,14,14,14,14,14,14,14,14,14,14,14,15,15,15
"123",0,0,1,1,1,1,1,1,1,1,1,1,1,1,2,2,2,2,2,2,2,3,3,3,3,3,3,4,4,4,4,4,4,4,5,5,5,5,5,5,5,5,5,5,5,5,5,5,5,5,5,5,5,5,5,5,5,5,5,5,5,5,5,6,6,7,7,7,7,7,7,7,7,7,8,9,10,10,11,11,11,11,11,11,11,11,11,11,11,11,11,11,11,11,11,11,11,11,11,11
"124",0,0,1,2,2,2,2,2,2,3,3,3,3,3,4,4,4,4,5,5,6,7,7,8,8,8,8,9,10,10,10,10,11,11,12,12,12,12,12,12,12,13,13,13,13,14,14,14,15,15,15,15,15,15,15,15,15,15,15,15,15,15,15,16,16,17,17,17,18,18,18,18,18,18,19,20,21,21,22,23,24,24,24,25,25,25,25,25,25,25,26,26,26,26,26,26,27,28,29,29
